State Code,County Code,Site Num,Parameter Code,POC,Latitude,Longitude,Datum,Parameter Name,Sample Duration,Pollutant Standard,Date Local,Units of Measure,Event Type,Observation Count,Observation Percent,Arithmetic Mean,1st Max Value,1st Max Hour,AQI,Method Code,Method Name,Local Site Name,Address,State Name,County Name,City Name,CBSA Name,Date of Last Change
37,131,3,88101,3,36.511708,-77.655389,NAD83,PM2.5 - Local Conditions,24-HR BLK AVG,PM25 24-hour 2012,01/01/2022,Micrograms/cubic meter (LC),None,1,100,7.1,7.1,0,30,, - ,Northampton County,152 Hurricane Drive,North Carolina,Northampton,Gaston,"Roanoke Rapids, NC",09/26/2022
37,131,3,88101,3,36.511708,-77.655389,NAD83,PM2.5 - Local Conditions,24-HR BLK AVG,PM25 24-hour 2012,01/02/2022,Micrograms/cubic meter (LC),None,1,100,4,4,0,17,, - ,Northampton County,152 Hurricane Drive,North Carolina,Northampton,Gaston,"Roanoke Rapids, NC",09/26/2022
37,131,3,88101,3,36.511708,-77.655389,NAD83,PM2.5 - Local Conditions,24-HR BLK AVG,PM25 24-hour 2012,01/03/2022,Micrograms/cubic meter (LC),None,1,100,0,0,0,0,, - ,Northampton County,152 Hurricane Drive,North Carolina,Northampton,Gaston,"Roanoke Rapids, NC",09/26/2022
37,131,3,88101,3,36.511708,-77.655389,NAD83,PM2.5 - Local Conditions,24-HR BLK AVG,PM25 24-hour 2012,01/04/2022,Micrograms/cubic meter (LC),None,1,100,3.7,3.7,0,15,, - ,Northampton County,152 Hurricane Drive,North Carolina,Northampton,Gaston,"Roanoke Rapids, NC",09/26/2022
37,131,3,88101,3,36.511708,-77.655389,NAD83,PM2.5 - Local Conditions,24-HR BLK AVG,PM25 24-hour 2012,01/05/2022,Micrograms/cubic meter (LC),None,1,100,6.3,6.3,0,26,, - ,Northampton County,152 Hurricane Drive,North Carolina,Northampton,Gaston,"Roanoke Rapids, NC",09/26/2022
37,131,3,88101,3,36.511708,-77.655389,NAD83,PM2.5 - Local Conditions,24-HR BLK AVG,PM25 24-hour 2012,01/06/2022,Micrograms/cubic meter (LC),None,1,100,7.4,7.4,0,31,, - ,Northampton County,152 Hurricane Drive,North Carolina,Northampton,Gaston,"Roanoke Rapids, NC",09/26/2022
37,131,3,88101,3,36.511708,-77.655389,NAD83,PM2.5 - Local Conditions,24-HR BLK AVG,PM25 24-hour 2012,01/07/2022,Micrograms/cubic meter (LC),None,1,100,4.4,4.4,0,18,, - ,Northampton County,152 Hurricane Drive,North Carolina,Northampton,Gaston,"Roanoke Rapids, NC",09/26/2022
37,131,3,88101,3,36.511708,-77.655389,NAD83,PM2.5 - Local Conditions,24-HR BLK AVG,PM25 24-hour 2012,01/08/2022,Micrograms/cubic meter (LC),None,1,100,4.5,4.5,0,19,, - ,Northampton County,152 Hurricane Drive,North Carolina,Northampton,Gaston,"Roanoke Rapids, NC",09/26/2022
37,131,3,88101,3,36.511708,-77.655389,NAD83,PM2.5 - Local Conditions,24-HR BLK AVG,PM25 24-hour 2012,01/09/2022,Micrograms/cubic meter (LC),None,1,100,5.6,5.6,0,23,, - ,Northampton County,152 Hurricane Drive,North Carolina,Northampton,Gaston,"Roanoke Rapids, NC",09/26/2022
37,131,3,88101,3,36.511708,-77.655389,NAD83,PM2.5 - Local Conditions,24-HR BLK AVG,PM25 24-hour 2012,01/10/2022,Micrograms/cubic meter (LC),None,1,100,1.3,1.3,0,5,, - ,Northampton County,152 Hurricane Drive,North Carolina,Northampton,Gaston,"Roanoke Rapids, NC",09/26/2022
37,131,3,88101,3,36.511708,-77.655389,NAD83,PM2.5 - Local Conditions,24-HR BLK AVG,PM25 24-hour 2012,01/11/2022,Micrograms/cubic meter (LC),None,1,100,2.6,2.6,0,11,, - ,Northampton County,152 Hurricane Drive,North Carolina,Northampton,Gaston,"Roanoke Rapids, NC",09/26/2022
37,131,3,88101,3,36.511708,-77.655389,NAD83,PM2.5 - Local Conditions,24-HR BLK AVG,PM25 24-hour 2012,01/12/2022,Micrograms/cubic meter (LC),None,1,100,6.8,6.8,0,28,, - ,Northampton County,152 Hurricane Drive,North Carolina,Northampton,Gaston,"Roanoke Rapids, NC",09/26/2022
37,131,3,88101,3,36.511708,-77.655389,NAD83,PM2.5 - Local Conditions,24-HR BLK AVG,PM25 24-hour 2012,01/13/2022,Micrograms/cubic meter (LC),None,1,100,13.1,13.1,0,53,, - ,Northampton County,152 Hurricane Drive,North Carolina,Northampton,Gaston,"Roanoke Rapids, NC",09/26/2022
37,131,3,88101,3,36.511708,-77.655389,NAD83,PM2.5 - Local Conditions,24-HR BLK AVG,PM25 24-hour 2012,01/14/2022,Micrograms/cubic meter (LC),None,1,100,9.2,9.2,0,38,, - ,Northampton County,152 Hurricane Drive,North Carolina,Northampton,Gaston,"Roanoke Rapids, NC",09/26/2022
37,131,3,88101,3,36.511708,-77.655389,NAD83,PM2.5 - Local Conditions,24-HR BLK AVG,PM25 24-hour 2012,01/15/2022,Micrograms/cubic meter (LC),None,1,100,3.6,3.6,0,15,, - ,Northampton County,152 Hurricane Drive,North Carolina,Northampton,Gaston,"Roanoke Rapids, NC",09/26/2022
37,131,3,88101,3,36.511708,-77.655389,NAD83,PM2.5 - Local Conditions,24-HR BLK AVG,PM25 24-hour 2012,01/16/2022,Micrograms/cubic meter (LC),None,1,100,3.6,3.6,0,15,, - ,Northampton County,152 Hurricane Drive,North Carolina,Northampton,Gaston,"Roanoke Rapids, NC",09/26/2022
37,131,3,88101,3,36.511708,-77.655389,NAD83,PM2.5 - Local Conditions,24-HR BLK AVG,PM25 24-hour 2012,01/17/2022,Micrograms/cubic meter (LC),None,1,100,3,3,0,13,, - ,Northampton County,152 Hurricane Drive,North Carolina,Northampton,Gaston,"Roanoke Rapids, NC",09/26/2022
37,131,3,88101,3,36.511708,-77.655389,NAD83,PM2.5 - Local Conditions,24-HR BLK AVG,PM25 24-hour 2012,01/18/2022,Micrograms/cubic meter (LC),None,1,100,2.4,2.4,0,10,, - ,Northampton County,152 Hurricane Drive,North Carolina,Northampton,Gaston,"Roanoke Rapids, NC",09/26/2022
37,131,3,88101,3,36.511708,-77.655389,NAD83,PM2.5 - Local Conditions,24-HR BLK AVG,PM25 24-hour 2012,01/19/2022,Micrograms/cubic meter (LC),None,1,100,5.9,5.9,0,25,, - ,Northampton County,152 Hurricane Drive,North Carolina,Northampton,Gaston,"Roanoke Rapids, NC",09/26/2022
37,131,3,88101,3,36.511708,-77.655389,NAD83,PM2.5 - Local Conditions,24-HR BLK AVG,PM25 24-hour 2012,01/20/2022,Micrograms/cubic meter (LC),None,1,100,5.3,5.3,0,22,, - ,Northampton County,152 Hurricane Drive,North Carolina,Northampton,Gaston,"Roanoke Rapids, NC",09/26/2022
37,131,3,88101,3,36.511708,-77.655389,NAD83,PM2.5 - Local Conditions,24-HR BLK AVG,PM25 24-hour 2012,01/21/2022,Micrograms/cubic meter (LC),None,1,100,3.2,3.2,0,13,, - ,Northampton County,152 Hurricane Drive,North Carolina,Northampton,Gaston,"Roanoke Rapids, NC",09/26/2022
37,131,3,88101,3,36.511708,-77.655389,NAD83,PM2.5 - Local Conditions,24-HR BLK AVG,PM25 24-hour 2012,01/22/2022,Micrograms/cubic meter (LC),None,1,100,5.3,5.3,0,22,, - ,Northampton County,152 Hurricane Drive,North Carolina,Northampton,Gaston,"Roanoke Rapids, NC",09/26/2022
37,131,3,88101,3,36.511708,-77.655389,NAD83,PM2.5 - Local Conditions,24-HR BLK AVG,PM25 24-hour 2012,01/23/2022,Micrograms/cubic meter (LC),None,1,100,6.4,6.4,0,27,, - ,Northampton County,152 Hurricane Drive,North Carolina,Northampton,Gaston,"Roanoke Rapids, NC",09/26/2022
37,131,3,88101,3,36.511708,-77.655389,NAD83,PM2.5 - Local Conditions,24-HR BLK AVG,PM25 24-hour 2012,01/24/2022,Micrograms/cubic meter (LC),None,1,100,5.2,5.2,0,22,, - ,Northampton County,152 Hurricane Drive,North Carolina,Northampton,Gaston,"Roanoke Rapids, NC",09/26/2022
37,131,3,88101,3,36.511708,-77.655389,NAD83,PM2.5 - Local Conditions,24-HR BLK AVG,PM25 24-hour 2012,01/25/2022,Micrograms/cubic meter (LC),None,1,100,10.2,10.2,0,43,, - ,Northampton County,152 Hurricane Drive,North Carolina,Northampton,Gaston,"Roanoke Rapids, NC",09/26/2022
37,131,3,88101,3,36.511708,-77.655389,NAD83,PM2.5 - Local Conditions,24-HR BLK AVG,PM25 24-hour 2012,01/26/2022,Micrograms/cubic meter (LC),None,1,100,6.2,6.2,0,26,, - ,Northampton County,152 Hurricane Drive,North Carolina,Northampton,Gaston,"Roanoke Rapids, NC",09/26/2022
37,131,3,88101,3,36.511708,-77.655389,NAD83,PM2.5 - Local Conditions,24-HR BLK AVG,PM25 24-hour 2012,01/27/2022,Micrograms/cubic meter (LC),None,1,100,7.3,7.3,0,30,, - ,Northampton County,152 Hurricane Drive,North Carolina,Northampton,Gaston,"Roanoke Rapids, NC",09/26/2022
37,131,3,88101,3,36.511708,-77.655389,NAD83,PM2.5 - Local Conditions,24-HR BLK AVG,PM25 24-hour 2012,01/28/2022,Micrograms/cubic meter (LC),None,1,100,10.7,10.7,0,45,, - ,Northampton County,152 Hurricane Drive,North Carolina,Northampton,Gaston,"Roanoke Rapids, NC",09/26/2022
37,131,3,88101,3,36.511708,-77.655389,NAD83,PM2.5 - Local Conditions,24-HR BLK AVG,PM25 24-hour 2012,01/29/2022,Micrograms/cubic meter (LC),None,1,100,5,5,0,21,, - ,Northampton County,152 Hurricane Drive,North Carolina,Northampton,Gaston,"Roanoke Rapids, NC",09/26/2022
37,131,3,88101,3,36.511708,-77.655389,NAD83,PM2.5 - Local Conditions,24-HR BLK AVG,PM25 24-hour 2012,01/30/2022,Micrograms/cubic meter (LC),None,1,100,2.8,2.8,0,12,, - ,Northampton County,152 Hurricane Drive,North Carolina,Northampton,Gaston,"Roanoke Rapids, NC",09/26/2022
37,131,3,88101,3,36.511708,-77.655389,NAD83,PM2.5 - Local Conditions,24-HR BLK AVG,PM25 24-hour 2012,01/31/2022,Micrograms/cubic meter (LC),None,1,100,4.7,4.7,0,20,, - ,Northampton County,152 Hurricane Drive,North Carolina,Northampton,Gaston,"Roanoke Rapids, NC",09/26/2022
37,131,3,88101,3,36.511708,-77.655389,NAD83,PM2.5 - Local Conditions,24-HR BLK AVG,PM25 24-hour 2012,02/01/2022,Micrograms/cubic meter (LC),None,1,100,7,7,0,29,, - ,Northampton County,152 Hurricane Drive,North Carolina,Northampton,Gaston,"Roanoke Rapids, NC",09/26/2022
37,131,3,88101,3,36.511708,-77.655389,NAD83,PM2.5 - Local Conditions,24-HR BLK AVG,PM25 24-hour 2012,02/02/2022,Micrograms/cubic meter (LC),None,1,100,7.4,7.4,0,31,, - ,Northampton County,152 Hurricane Drive,North Carolina,Northampton,Gaston,"Roanoke Rapids, NC",09/26/2022
37,131,3,88101,3,36.511708,-77.655389,NAD83,PM2.5 - Local Conditions,24-HR BLK AVG,PM25 24-hour 2012,02/03/2022,Micrograms/cubic meter (LC),None,1,100,7,7,0,29,, - ,Northampton County,152 Hurricane Drive,North Carolina,Northampton,Gaston,"Roanoke Rapids, NC",09/26/2022
37,131,3,88101,3,36.511708,-77.655389,NAD83,PM2.5 - Local Conditions,24-HR BLK AVG,PM25 24-hour 2012,02/04/2022,Micrograms/cubic meter (LC),None,1,100,4.3,4.3,0,18,, - ,Northampton County,152 Hurricane Drive,North Carolina,Northampton,Gaston,"Roanoke Rapids, NC",09/26/2022
37,131,3,88101,3,36.511708,-77.655389,NAD83,PM2.5 - Local Conditions,24-HR BLK AVG,PM25 24-hour 2012,02/05/2022,Micrograms/cubic meter (LC),None,1,100,2,2,0,8,, - ,Northampton County,152 Hurricane Drive,North Carolina,Northampton,Gaston,"Roanoke Rapids, NC",09/26/2022
37,131,3,88101,3,36.511708,-77.655389,NAD83,PM2.5 - Local Conditions,24-HR BLK AVG,PM25 24-hour 2012,02/06/2022,Micrograms/cubic meter (LC),None,1,100,4.4,4.4,0,18,, - ,Northampton County,152 Hurricane Drive,North Carolina,Northampton,Gaston,"Roanoke Rapids, NC",09/26/2022
37,131,3,88101,3,36.511708,-77.655389,NAD83,PM2.5 - Local Conditions,24-HR BLK AVG,PM25 24-hour 2012,02/07/2022,Micrograms/cubic meter (LC),None,1,100,3.4,3.4,0,14,, - ,Northampton County,152 Hurricane Drive,North Carolina,Northampton,Gaston,"Roanoke Rapids, NC",09/26/2022
37,131,3,88101,3,36.511708,-77.655389,NAD83,PM2.5 - Local Conditions,24-HR BLK AVG,PM25 24-hour 2012,02/08/2022,Micrograms/cubic meter (LC),None,1,100,4.7,4.7,0,20,, - ,Northampton County,152 Hurricane Drive,North Carolina,Northampton,Gaston,"Roanoke Rapids, NC",09/26/2022
37,131,3,88101,3,36.511708,-77.655389,NAD83,PM2.5 - Local Conditions,24-HR BLK AVG,PM25 24-hour 2012,02/09/2022,Micrograms/cubic meter (LC),None,1,100,8.3,8.3,0,35,, - ,Northampton County,152 Hurricane Drive,North Carolina,Northampton,Gaston,"Roanoke Rapids, NC",09/26/2022
37,131,3,88101,3,36.511708,-77.655389,NAD83,PM2.5 - Local Conditions,24-HR BLK AVG,PM25 24-hour 2012,02/10/2022,Micrograms/cubic meter (LC),None,1,100,8.5,8.5,0,35,, - ,Northampton County,152 Hurricane Drive,North Carolina,Northampton,Gaston,"Roanoke Rapids, NC",09/26/2022
37,131,3,88101,3,36.511708,-77.655389,NAD83,PM2.5 - Local Conditions,24-HR BLK AVG,PM25 24-hour 2012,02/11/2022,Micrograms/cubic meter (LC),None,1,100,10.4,10.4,0,43,, - ,Northampton County,152 Hurricane Drive,North Carolina,Northampton,Gaston,"Roanoke Rapids, NC",09/26/2022
37,131,3,88101,3,36.511708,-77.655389,NAD83,PM2.5 - Local Conditions,24-HR BLK AVG,PM25 24-hour 2012,02/12/2022,Micrograms/cubic meter (LC),None,1,100,17.3,17.3,0,62,, - ,Northampton County,152 Hurricane Drive,North Carolina,Northampton,Gaston,"Roanoke Rapids, NC",09/26/2022
37,131,3,88101,3,36.511708,-77.655389,NAD83,PM2.5 - Local Conditions,24-HR BLK AVG,PM25 24-hour 2012,02/13/2022,Micrograms/cubic meter (LC),None,1,100,11.7,11.7,0,49,, - ,Northampton County,152 Hurricane Drive,North Carolina,Northampton,Gaston,"Roanoke Rapids, NC",09/26/2022
37,131,3,88101,3,36.511708,-77.655389,NAD83,PM2.5 - Local Conditions,24-HR BLK AVG,PM25 24-hour 2012,02/14/2022,Micrograms/cubic meter (LC),None,1,100,4.3,4.3,0,18,, - ,Northampton County,152 Hurricane Drive,North Carolina,Northampton,Gaston,"Roanoke Rapids, NC",09/26/2022
37,131,3,88101,3,36.511708,-77.655389,NAD83,PM2.5 - Local Conditions,24-HR BLK AVG,PM25 24-hour 2012,02/15/2022,Micrograms/cubic meter (LC),None,1,100,6.5,6.5,0,27,, - ,Northampton County,152 Hurricane Drive,North Carolina,Northampton,Gaston,"Roanoke Rapids, NC",09/26/2022
37,131,3,88101,3,36.511708,-77.655389,NAD83,PM2.5 - Local Conditions,24-HR BLK AVG,PM25 24-hour 2012,02/16/2022,Micrograms/cubic meter (LC),None,1,100,8.3,8.3,0,35,, - ,Northampton County,152 Hurricane Drive,North Carolina,Northampton,Gaston,"Roanoke Rapids, NC",09/26/2022
37,131,3,88101,3,36.511708,-77.655389,NAD83,PM2.5 - Local Conditions,24-HR BLK AVG,PM25 24-hour 2012,02/17/2022,Micrograms/cubic meter (LC),None,1,100,8,8,0,33,, - ,Northampton County,152 Hurricane Drive,North Carolina,Northampton,Gaston,"Roanoke Rapids, NC",09/26/2022
37,131,3,88101,3,36.511708,-77.655389,NAD83,PM2.5 - Local Conditions,24-HR BLK AVG,PM25 24-hour 2012,02/18/2022,Micrograms/cubic meter (LC),None,1,100,2.3,2.3,0,10,, - ,Northampton County,152 Hurricane Drive,North Carolina,Northampton,Gaston,"Roanoke Rapids, NC",09/26/2022
37,131,3,88101,3,36.511708,-77.655389,NAD83,PM2.5 - Local Conditions,24-HR BLK AVG,PM25 24-hour 2012,02/19/2022,Micrograms/cubic meter (LC),None,1,100,2.7,2.7,0,11,, - ,Northampton County,152 Hurricane Drive,North Carolina,Northampton,Gaston,"Roanoke Rapids, NC",09/26/2022
37,131,3,88101,3,36.511708,-77.655389,NAD83,PM2.5 - Local Conditions,24-HR BLK AVG,PM25 24-hour 2012,02/20/2022,Micrograms/cubic meter (LC),None,1,100,2.8,2.8,0,12,, - ,Northampton County,152 Hurricane Drive,North Carolina,Northampton,Gaston,"Roanoke Rapids, NC",09/26/2022
37,131,3,88101,3,36.511708,-77.655389,NAD83,PM2.5 - Local Conditions,24-HR BLK AVG,PM25 24-hour 2012,02/21/2022,Micrograms/cubic meter (LC),None,1,100,14.2,14.2,0,55,, - ,Northampton County,152 Hurricane Drive,North Carolina,Northampton,Gaston,"Roanoke Rapids, NC",09/26/2022
37,131,3,88101,3,36.511708,-77.655389,NAD83,PM2.5 - Local Conditions,24-HR BLK AVG,PM25 24-hour 2012,02/22/2022,Micrograms/cubic meter (LC),None,1,100,6.5,6.5,0,27,, - ,Northampton County,152 Hurricane Drive,North Carolina,Northampton,Gaston,"Roanoke Rapids, NC",09/26/2022
37,131,3,88101,3,36.511708,-77.655389,NAD83,PM2.5 - Local Conditions,24-HR BLK AVG,PM25 24-hour 2012,02/23/2022,Micrograms/cubic meter (LC),None,1,100,3.4,3.4,0,14,, - ,Northampton County,152 Hurricane Drive,North Carolina,Northampton,Gaston,"Roanoke Rapids, NC",09/26/2022
37,131,3,88101,3,36.511708,-77.655389,NAD83,PM2.5 - Local Conditions,24-HR BLK AVG,PM25 24-hour 2012,02/24/2022,Micrograms/cubic meter (LC),None,1,100,5,5,0,21,, - ,Northampton County,152 Hurricane Drive,North Carolina,Northampton,Gaston,"Roanoke Rapids, NC",09/26/2022
37,131,3,88101,3,36.511708,-77.655389,NAD83,PM2.5 - Local Conditions,24-HR BLK AVG,PM25 24-hour 2012,02/25/2022,Micrograms/cubic meter (LC),None,1,100,3.6,3.6,0,15,, - ,Northampton County,152 Hurricane Drive,North Carolina,Northampton,Gaston,"Roanoke Rapids, NC",09/26/2022
37,131,3,88101,3,36.511708,-77.655389,NAD83,PM2.5 - Local Conditions,24-HR BLK AVG,PM25 24-hour 2012,02/26/2022,Micrograms/cubic meter (LC),None,1,100,5.5,5.5,0,23,, - ,Northampton County,152 Hurricane Drive,North Carolina,Northampton,Gaston,"Roanoke Rapids, NC",09/26/2022
37,131,3,88101,3,36.511708,-77.655389,NAD83,PM2.5 - Local Conditions,24-HR BLK AVG,PM25 24-hour 2012,02/27/2022,Micrograms/cubic meter (LC),None,1,100,4.8,4.8,0,20,, - ,Northampton County,152 Hurricane Drive,North Carolina,Northampton,Gaston,"Roanoke Rapids, NC",09/26/2022
37,131,3,88101,3,36.511708,-77.655389,NAD83,PM2.5 - Local Conditions,24-HR BLK AVG,PM25 24-hour 2012,02/28/2022,Micrograms/cubic meter (LC),None,1,100,4.7,4.7,0,20,, - ,Northampton County,152 Hurricane Drive,North Carolina,Northampton,Gaston,"Roanoke Rapids, NC",09/26/2022
37,131,3,88101,3,36.511708,-77.655389,NAD83,PM2.5 - Local Conditions,24-HR BLK AVG,PM25 24-hour 2012,03/01/2022,Micrograms/cubic meter (LC),None,1,100,10.1,10.1,0,42,, - ,Northampton County,152 Hurricane Drive,North Carolina,Northampton,Gaston,"Roanoke Rapids, NC",09/26/2022
37,131,3,88101,3,36.511708,-77.655389,NAD83,PM2.5 - Local Conditions,24-HR BLK AVG,PM25 24-hour 2012,03/02/2022,Micrograms/cubic meter (LC),None,1,100,15.1,15.1,0,57,, - ,Northampton County,152 Hurricane Drive,North Carolina,Northampton,Gaston,"Roanoke Rapids, NC",09/26/2022
37,131,3,88101,3,36.511708,-77.655389,NAD83,PM2.5 - Local Conditions,24-HR BLK AVG,PM25 24-hour 2012,03/03/2022,Micrograms/cubic meter (LC),None,1,100,6,6,0,25,, - ,Northampton County,152 Hurricane Drive,North Carolina,Northampton,Gaston,"Roanoke Rapids, NC",09/26/2022
37,131,3,88101,3,36.511708,-77.655389,NAD83,PM2.5 - Local Conditions,24-HR BLK AVG,PM25 24-hour 2012,03/04/2022,Micrograms/cubic meter (LC),None,1,100,4,4,0,17,, - ,Northampton County,152 Hurricane Drive,North Carolina,Northampton,Gaston,"Roanoke Rapids, NC",09/26/2022
37,131,3,88101,3,36.511708,-77.655389,NAD83,PM2.5 - Local Conditions,24-HR BLK AVG,PM25 24-hour 2012,03/05/2022,Micrograms/cubic meter (LC),None,1,100,7.9,7.9,0,33,, - ,Northampton County,152 Hurricane Drive,North Carolina,Northampton,Gaston,"Roanoke Rapids, NC",09/26/2022
37,131,3,88101,3,36.511708,-77.655389,NAD83,PM2.5 - Local Conditions,24-HR BLK AVG,PM25 24-hour 2012,03/06/2022,Micrograms/cubic meter (LC),None,1,100,8.6,8.6,0,36,, - ,Northampton County,152 Hurricane Drive,North Carolina,Northampton,Gaston,"Roanoke Rapids, NC",09/26/2022
37,131,3,88101,3,36.511708,-77.655389,NAD83,PM2.5 - Local Conditions,24-HR BLK AVG,PM25 24-hour 2012,03/07/2022,Micrograms/cubic meter (LC),None,1,100,6.5,6.5,0,27,, - ,Northampton County,152 Hurricane Drive,North Carolina,Northampton,Gaston,"Roanoke Rapids, NC",09/26/2022
37,131,3,88101,3,36.511708,-77.655389,NAD83,PM2.5 - Local Conditions,24-HR BLK AVG,PM25 24-hour 2012,03/08/2022,Micrograms/cubic meter (LC),None,1,100,1.2,1.2,0,5,, - ,Northampton County,152 Hurricane Drive,North Carolina,Northampton,Gaston,"Roanoke Rapids, NC",09/26/2022
37,131,3,88101,3,36.511708,-77.655389,NAD83,PM2.5 - Local Conditions,24-HR BLK AVG,PM25 24-hour 2012,03/09/2022,Micrograms/cubic meter (LC),None,1,100,3.1,3.1,0,13,, - ,Northampton County,152 Hurricane Drive,North Carolina,Northampton,Gaston,"Roanoke Rapids, NC",09/26/2022
37,131,3,88101,3,36.511708,-77.655389,NAD83,PM2.5 - Local Conditions,24-HR BLK AVG,PM25 24-hour 2012,03/10/2022,Micrograms/cubic meter (LC),None,1,100,5.1,5.1,0,21,, - ,Northampton County,152 Hurricane Drive,North Carolina,Northampton,Gaston,"Roanoke Rapids, NC",09/26/2022
37,131,3,88101,3,36.511708,-77.655389,NAD83,PM2.5 - Local Conditions,24-HR BLK AVG,PM25 24-hour 2012,03/11/2022,Micrograms/cubic meter (LC),None,1,100,5.3,5.3,0,22,, - ,Northampton County,152 Hurricane Drive,North Carolina,Northampton,Gaston,"Roanoke Rapids, NC",09/26/2022
37,131,3,88101,3,36.511708,-77.655389,NAD83,PM2.5 - Local Conditions,24-HR BLK AVG,PM25 24-hour 2012,03/12/2022,Micrograms/cubic meter (LC),None,1,100,3.1,3.1,0,13,, - ,Northampton County,152 Hurricane Drive,North Carolina,Northampton,Gaston,"Roanoke Rapids, NC",09/26/2022
37,131,3,88101,3,36.511708,-77.655389,NAD83,PM2.5 - Local Conditions,24-HR BLK AVG,PM25 24-hour 2012,03/13/2022,Micrograms/cubic meter (LC),None,1,100,2.7,2.7,0,11,, - ,Northampton County,152 Hurricane Drive,North Carolina,Northampton,Gaston,"Roanoke Rapids, NC",09/26/2022
37,131,3,88101,3,36.511708,-77.655389,NAD83,PM2.5 - Local Conditions,24-HR BLK AVG,PM25 24-hour 2012,03/14/2022,Micrograms/cubic meter (LC),None,1,100,7.2,7.2,0,30,, - ,Northampton County,152 Hurricane Drive,North Carolina,Northampton,Gaston,"Roanoke Rapids, NC",09/26/2022
37,131,3,88101,3,36.511708,-77.655389,NAD83,PM2.5 - Local Conditions,24-HR BLK AVG,PM25 24-hour 2012,03/15/2022,Micrograms/cubic meter (LC),None,1,100,16.5,16.5,0,60,, - ,Northampton County,152 Hurricane Drive,North Carolina,Northampton,Gaston,"Roanoke Rapids, NC",09/26/2022
37,131,3,88101,3,36.511708,-77.655389,NAD83,PM2.5 - Local Conditions,24-HR BLK AVG,PM25 24-hour 2012,03/16/2022,Micrograms/cubic meter (LC),None,1,100,18.6,18.6,0,65,, - ,Northampton County,152 Hurricane Drive,North Carolina,Northampton,Gaston,"Roanoke Rapids, NC",09/26/2022
37,131,3,88101,3,36.511708,-77.655389,NAD83,PM2.5 - Local Conditions,24-HR BLK AVG,PM25 24-hour 2012,03/17/2022,Micrograms/cubic meter (LC),None,1,100,4.8,4.8,0,20,, - ,Northampton County,152 Hurricane Drive,North Carolina,Northampton,Gaston,"Roanoke Rapids, NC",09/26/2022
37,131,3,88101,3,36.511708,-77.655389,NAD83,PM2.5 - Local Conditions,24-HR BLK AVG,PM25 24-hour 2012,03/18/2022,Micrograms/cubic meter (LC),None,1,100,8.2,8.2,0,34,, - ,Northampton County,152 Hurricane Drive,North Carolina,Northampton,Gaston,"Roanoke Rapids, NC",09/26/2022
37,131,3,88101,3,36.511708,-77.655389,NAD83,PM2.5 - Local Conditions,24-HR BLK AVG,PM25 24-hour 2012,03/19/2022,Micrograms/cubic meter (LC),None,1,100,7.7,7.7,0,32,, - ,Northampton County,152 Hurricane Drive,North Carolina,Northampton,Gaston,"Roanoke Rapids, NC",09/26/2022
37,131,3,88101,3,36.511708,-77.655389,NAD83,PM2.5 - Local Conditions,24-HR BLK AVG,PM25 24-hour 2012,03/20/2022,Micrograms/cubic meter (LC),None,1,100,0.5,0.5,0,2,, - ,Northampton County,152 Hurricane Drive,North Carolina,Northampton,Gaston,"Roanoke Rapids, NC",09/26/2022
37,131,3,88101,3,36.511708,-77.655389,NAD83,PM2.5 - Local Conditions,24-HR BLK AVG,PM25 24-hour 2012,03/21/2022,Micrograms/cubic meter (LC),None,1,100,4.8,4.8,0,20,, - ,Northampton County,152 Hurricane Drive,North Carolina,Northampton,Gaston,"Roanoke Rapids, NC",09/26/2022
37,131,3,88101,3,36.511708,-77.655389,NAD83,PM2.5 - Local Conditions,24-HR BLK AVG,PM25 24-hour 2012,03/22/2022,Micrograms/cubic meter (LC),None,1,100,8.9,8.9,0,37,, - ,Northampton County,152 Hurricane Drive,North Carolina,Northampton,Gaston,"Roanoke Rapids, NC",09/26/2022
37,131,3,88101,3,36.511708,-77.655389,NAD83,PM2.5 - Local Conditions,24-HR BLK AVG,PM25 24-hour 2012,03/23/2022,Micrograms/cubic meter (LC),None,1,100,10,10,0,42,, - ,Northampton County,152 Hurricane Drive,North Carolina,Northampton,Gaston,"Roanoke Rapids, NC",09/26/2022
37,131,3,88101,3,36.511708,-77.655389,NAD83,PM2.5 - Local Conditions,24-HR BLK AVG,PM25 24-hour 2012,03/24/2022,Micrograms/cubic meter (LC),None,1,100,6.1,6.1,0,25,, - ,Northampton County,152 Hurricane Drive,North Carolina,Northampton,Gaston,"Roanoke Rapids, NC",09/26/2022
37,131,3,88101,3,36.511708,-77.655389,NAD83,PM2.5 - Local Conditions,24-HR BLK AVG,PM25 24-hour 2012,03/25/2022,Micrograms/cubic meter (LC),None,1,100,3.6,3.6,0,15,, - ,Northampton County,152 Hurricane Drive,North Carolina,Northampton,Gaston,"Roanoke Rapids, NC",09/26/2022
37,131,3,88101,3,36.511708,-77.655389,NAD83,PM2.5 - Local Conditions,24-HR BLK AVG,PM25 24-hour 2012,03/26/2022,Micrograms/cubic meter (LC),None,1,100,1.2,1.2,0,5,, - ,Northampton County,152 Hurricane Drive,North Carolina,Northampton,Gaston,"Roanoke Rapids, NC",09/26/2022
37,131,3,88101,3,36.511708,-77.655389,NAD83,PM2.5 - Local Conditions,24-HR BLK AVG,PM25 24-hour 2012,03/27/2022,Micrograms/cubic meter (LC),None,1,100,1.7,1.7,0,7,, - ,Northampton County,152 Hurricane Drive,North Carolina,Northampton,Gaston,"Roanoke Rapids, NC",09/26/2022
37,131,3,88101,3,36.511708,-77.655389,NAD83,PM2.5 - Local Conditions,24-HR BLK AVG,PM25 24-hour 2012,03/28/2022,Micrograms/cubic meter (LC),None,1,100,1.7,1.7,0,7,, - ,Northampton County,152 Hurricane Drive,North Carolina,Northampton,Gaston,"Roanoke Rapids, NC",09/26/2022
37,131,3,88101,3,36.511708,-77.655389,NAD83,PM2.5 - Local Conditions,24-HR BLK AVG,PM25 24-hour 2012,03/29/2022,Micrograms/cubic meter (LC),None,1,100,5.9,5.9,0,25,, - ,Northampton County,152 Hurricane Drive,North Carolina,Northampton,Gaston,"Roanoke Rapids, NC",09/26/2022
37,131,3,88101,3,36.511708,-77.655389,NAD83,PM2.5 - Local Conditions,24-HR BLK AVG,PM25 24-hour 2012,03/30/2022,Micrograms/cubic meter (LC),None,1,100,8.7,8.7,0,36,, - ,Northampton County,152 Hurricane Drive,North Carolina,Northampton,Gaston,"Roanoke Rapids, NC",09/26/2022
37,131,3,88101,3,36.511708,-77.655389,NAD83,PM2.5 - Local Conditions,24-HR BLK AVG,PM25 24-hour 2012,03/31/2022,Micrograms/cubic meter (LC),None,1,100,10.7,10.7,0,45,, - ,Northampton County,152 Hurricane Drive,North Carolina,Northampton,Gaston,"Roanoke Rapids, NC",09/26/2022
37,131,3,88101,3,36.511708,-77.655389,NAD83,PM2.5 - Local Conditions,24-HR BLK AVG,PM25 24-hour 2012,04/01/2022,Micrograms/cubic meter (LC),None,1,100,2.6,2.6,0,11,, - ,Northampton County,152 Hurricane Drive,North Carolina,Northampton,Gaston,"Roanoke Rapids, NC",09/26/2022
37,131,3,88101,3,36.511708,-77.655389,NAD83,PM2.5 - Local Conditions,24-HR BLK AVG,PM25 24-hour 2012,04/02/2022,Micrograms/cubic meter (LC),None,1,100,2.7,2.7,0,11,, - ,Northampton County,152 Hurricane Drive,North Carolina,Northampton,Gaston,"Roanoke Rapids, NC",09/26/2022
37,131,3,88101,3,36.511708,-77.655389,NAD83,PM2.5 - Local Conditions,24-HR BLK AVG,PM25 24-hour 2012,04/03/2022,Micrograms/cubic meter (LC),None,1,100,3.5,3.5,0,15,, - ,Northampton County,152 Hurricane Drive,North Carolina,Northampton,Gaston,"Roanoke Rapids, NC",09/26/2022
37,131,3,88101,3,36.511708,-77.655389,NAD83,PM2.5 - Local Conditions,24-HR BLK AVG,PM25 24-hour 2012,04/04/2022,Micrograms/cubic meter (LC),None,1,100,4.3,4.3,0,18,, - ,Northampton County,152 Hurricane Drive,North Carolina,Northampton,Gaston,"Roanoke Rapids, NC",09/26/2022
37,131,3,88101,3,36.511708,-77.655389,NAD83,PM2.5 - Local Conditions,24-HR BLK AVG,PM25 24-hour 2012,04/05/2022,Micrograms/cubic meter (LC),None,1,100,12,12,0,50,, - ,Northampton County,152 Hurricane Drive,North Carolina,Northampton,Gaston,"Roanoke Rapids, NC",09/26/2022
37,131,3,88101,3,36.511708,-77.655389,NAD83,PM2.5 - Local Conditions,24-HR BLK AVG,PM25 24-hour 2012,04/06/2022,Micrograms/cubic meter (LC),None,1,100,4,4,0,17,, - ,Northampton County,152 Hurricane Drive,North Carolina,Northampton,Gaston,"Roanoke Rapids, NC",09/26/2022
37,131,3,88101,3,36.511708,-77.655389,NAD83,PM2.5 - Local Conditions,24-HR BLK AVG,PM25 24-hour 2012,04/07/2022,Micrograms/cubic meter (LC),None,1,100,5.1,5.1,0,21,, - ,Northampton County,152 Hurricane Drive,North Carolina,Northampton,Gaston,"Roanoke Rapids, NC",09/26/2022
37,131,3,88101,3,36.511708,-77.655389,NAD83,PM2.5 - Local Conditions,24-HR BLK AVG,PM25 24-hour 2012,04/08/2022,Micrograms/cubic meter (LC),None,1,100,4.1,4.1,0,17,, - ,Northampton County,152 Hurricane Drive,North Carolina,Northampton,Gaston,"Roanoke Rapids, NC",09/26/2022
37,131,3,88101,3,36.511708,-77.655389,NAD83,PM2.5 - Local Conditions,24-HR BLK AVG,PM25 24-hour 2012,04/09/2022,Micrograms/cubic meter (LC),None,1,100,1.1,1.1,0,5,, - ,Northampton County,152 Hurricane Drive,North Carolina,Northampton,Gaston,"Roanoke Rapids, NC",09/26/2022
37,131,3,88101,3,36.511708,-77.655389,NAD83,PM2.5 - Local Conditions,24-HR BLK AVG,PM25 24-hour 2012,04/10/2022,Micrograms/cubic meter (LC),None,1,100,2.2,2.2,0,9,, - ,Northampton County,152 Hurricane Drive,North Carolina,Northampton,Gaston,"Roanoke Rapids, NC",09/26/2022
37,131,3,88101,3,36.511708,-77.655389,NAD83,PM2.5 - Local Conditions,24-HR BLK AVG,PM25 24-hour 2012,04/11/2022,Micrograms/cubic meter (LC),None,1,100,11.5,11.5,0,48,, - ,Northampton County,152 Hurricane Drive,North Carolina,Northampton,Gaston,"Roanoke Rapids, NC",09/26/2022
37,131,3,88101,3,36.511708,-77.655389,NAD83,PM2.5 - Local Conditions,24-HR BLK AVG,PM25 24-hour 2012,04/12/2022,Micrograms/cubic meter (LC),None,1,100,13.2,13.2,0,53,, - ,Northampton County,152 Hurricane Drive,North Carolina,Northampton,Gaston,"Roanoke Rapids, NC",09/26/2022
37,131,3,88101,3,36.511708,-77.655389,NAD83,PM2.5 - Local Conditions,24-HR BLK AVG,PM25 24-hour 2012,04/13/2022,Micrograms/cubic meter (LC),None,1,100,11.2,11.2,0,47,, - ,Northampton County,152 Hurricane Drive,North Carolina,Northampton,Gaston,"Roanoke Rapids, NC",09/26/2022
37,131,3,88101,3,36.511708,-77.655389,NAD83,PM2.5 - Local Conditions,24-HR BLK AVG,PM25 24-hour 2012,04/14/2022,Micrograms/cubic meter (LC),None,1,100,6.9,6.9,0,29,, - ,Northampton County,152 Hurricane Drive,North Carolina,Northampton,Gaston,"Roanoke Rapids, NC",09/26/2022
37,131,3,88101,3,36.511708,-77.655389,NAD83,PM2.5 - Local Conditions,24-HR BLK AVG,PM25 24-hour 2012,04/15/2022,Micrograms/cubic meter (LC),None,1,100,3,3,0,13,, - ,Northampton County,152 Hurricane Drive,North Carolina,Northampton,Gaston,"Roanoke Rapids, NC",09/26/2022
37,131,3,88101,3,36.511708,-77.655389,NAD83,PM2.5 - Local Conditions,24-HR BLK AVG,PM25 24-hour 2012,04/16/2022,Micrograms/cubic meter (LC),None,1,100,6.2,6.2,0,26,, - ,Northampton County,152 Hurricane Drive,North Carolina,Northampton,Gaston,"Roanoke Rapids, NC",09/26/2022
37,131,3,88101,3,36.511708,-77.655389,NAD83,PM2.5 - Local Conditions,24-HR BLK AVG,PM25 24-hour 2012,04/17/2022,Micrograms/cubic meter (LC),None,1,100,5.5,5.5,0,23,, - ,Northampton County,152 Hurricane Drive,North Carolina,Northampton,Gaston,"Roanoke Rapids, NC",09/26/2022
37,131,3,88101,3,36.511708,-77.655389,NAD83,PM2.5 - Local Conditions,24-HR BLK AVG,PM25 24-hour 2012,04/18/2022,Micrograms/cubic meter (LC),None,1,100,1.3,1.3,0,5,, - ,Northampton County,152 Hurricane Drive,North Carolina,Northampton,Gaston,"Roanoke Rapids, NC",09/26/2022
37,131,3,88101,3,36.511708,-77.655389,NAD83,PM2.5 - Local Conditions,24-HR BLK AVG,PM25 24-hour 2012,04/19/2022,Micrograms/cubic meter (LC),None,1,100,2.6,2.6,0,11,, - ,Northampton County,152 Hurricane Drive,North Carolina,Northampton,Gaston,"Roanoke Rapids, NC",09/26/2022
37,131,3,88101,3,36.511708,-77.655389,NAD83,PM2.5 - Local Conditions,24-HR BLK AVG,PM25 24-hour 2012,04/20/2022,Micrograms/cubic meter (LC),None,1,100,5.1,5.1,0,21,, - ,Northampton County,152 Hurricane Drive,North Carolina,Northampton,Gaston,"Roanoke Rapids, NC",09/26/2022
37,131,3,88101,3,36.511708,-77.655389,NAD83,PM2.5 - Local Conditions,24-HR BLK AVG,PM25 24-hour 2012,04/21/2022,Micrograms/cubic meter (LC),None,1,100,6.8,6.8,0,28,, - ,Northampton County,152 Hurricane Drive,North Carolina,Northampton,Gaston,"Roanoke Rapids, NC",09/26/2022
37,131,3,88101,3,36.511708,-77.655389,NAD83,PM2.5 - Local Conditions,24-HR BLK AVG,PM25 24-hour 2012,04/22/2022,Micrograms/cubic meter (LC),None,1,100,8.1,8.1,0,34,, - ,Northampton County,152 Hurricane Drive,North Carolina,Northampton,Gaston,"Roanoke Rapids, NC",09/26/2022
37,131,3,88101,3,36.511708,-77.655389,NAD83,PM2.5 - Local Conditions,24-HR BLK AVG,PM25 24-hour 2012,04/23/2022,Micrograms/cubic meter (LC),None,1,100,10.4,10.4,0,43,, - ,Northampton County,152 Hurricane Drive,North Carolina,Northampton,Gaston,"Roanoke Rapids, NC",09/26/2022
37,131,3,88101,3,36.511708,-77.655389,NAD83,PM2.5 - Local Conditions,24-HR BLK AVG,PM25 24-hour 2012,04/24/2022,Micrograms/cubic meter (LC),None,1,100,9,9,0,38,, - ,Northampton County,152 Hurricane Drive,North Carolina,Northampton,Gaston,"Roanoke Rapids, NC",09/26/2022
37,131,3,88101,3,36.511708,-77.655389,NAD83,PM2.5 - Local Conditions,24-HR BLK AVG,PM25 24-hour 2012,04/25/2022,Micrograms/cubic meter (LC),None,1,100,16,16,0,59,, - ,Northampton County,152 Hurricane Drive,North Carolina,Northampton,Gaston,"Roanoke Rapids, NC",09/26/2022
37,131,3,88101,3,36.511708,-77.655389,NAD83,PM2.5 - Local Conditions,24-HR BLK AVG,PM25 24-hour 2012,04/26/2022,Micrograms/cubic meter (LC),None,1,100,11.2,11.2,0,47,, - ,Northampton County,152 Hurricane Drive,North Carolina,Northampton,Gaston,"Roanoke Rapids, NC",09/26/2022
37,131,3,88101,3,36.511708,-77.655389,NAD83,PM2.5 - Local Conditions,24-HR BLK AVG,PM25 24-hour 2012,04/27/2022,Micrograms/cubic meter (LC),None,1,100,3.7,3.7,0,15,, - ,Northampton County,152 Hurricane Drive,North Carolina,Northampton,Gaston,"Roanoke Rapids, NC",09/26/2022
37,131,3,88101,3,36.511708,-77.655389,NAD83,PM2.5 - Local Conditions,24-HR BLK AVG,PM25 24-hour 2012,04/28/2022,Micrograms/cubic meter (LC),None,1,100,3.9,3.9,0,16,, - ,Northampton County,152 Hurricane Drive,North Carolina,Northampton,Gaston,"Roanoke Rapids, NC",09/26/2022
37,131,3,88101,3,36.511708,-77.655389,NAD83,PM2.5 - Local Conditions,24-HR BLK AVG,PM25 24-hour 2012,04/29/2022,Micrograms/cubic meter (LC),None,1,100,5.5,5.5,0,23,, - ,Northampton County,152 Hurricane Drive,North Carolina,Northampton,Gaston,"Roanoke Rapids, NC",09/26/2022
37,131,3,88101,3,36.511708,-77.655389,NAD83,PM2.5 - Local Conditions,24-HR BLK AVG,PM25 24-hour 2012,04/30/2022,Micrograms/cubic meter (LC),None,1,100,10.2,10.2,0,43,, - ,Northampton County,152 Hurricane Drive,North Carolina,Northampton,Gaston,"Roanoke Rapids, NC",09/26/2022
37,131,3,88101,3,36.511708,-77.655389,NAD83,PM2.5 - Local Conditions,24-HR BLK AVG,PM25 24-hour 2012,05/01/2022,Micrograms/cubic meter (LC),None,1,100,9.8,9.8,0,41,, - ,Northampton County,152 Hurricane Drive,North Carolina,Northampton,Gaston,"Roanoke Rapids, NC",09/26/2022
37,131,3,88101,3,36.511708,-77.655389,NAD83,PM2.5 - Local Conditions,24-HR BLK AVG,PM25 24-hour 2012,05/02/2022,Micrograms/cubic meter (LC),None,1,100,9.7,9.7,0,40,, - ,Northampton County,152 Hurricane Drive,North Carolina,Northampton,Gaston,"Roanoke Rapids, NC",09/26/2022
37,131,3,88101,3,36.511708,-77.655389,NAD83,PM2.5 - Local Conditions,24-HR BLK AVG,PM25 24-hour 2012,05/03/2022,Micrograms/cubic meter (LC),None,1,100,14.7,14.7,0,56,, - ,Northampton County,152 Hurricane Drive,North Carolina,Northampton,Gaston,"Roanoke Rapids, NC",09/26/2022
37,131,3,88101,3,36.511708,-77.655389,NAD83,PM2.5 - Local Conditions,24-HR BLK AVG,PM25 24-hour 2012,05/04/2022,Micrograms/cubic meter (LC),None,1,100,9.7,9.7,0,40,, - ,Northampton County,152 Hurricane Drive,North Carolina,Northampton,Gaston,"Roanoke Rapids, NC",09/26/2022
37,131,3,88101,3,36.511708,-77.655389,NAD83,PM2.5 - Local Conditions,24-HR BLK AVG,PM25 24-hour 2012,05/05/2022,Micrograms/cubic meter (LC),None,1,100,8.1,8.1,0,34,, - ,Northampton County,152 Hurricane Drive,North Carolina,Northampton,Gaston,"Roanoke Rapids, NC",09/26/2022
37,131,3,88101,3,36.511708,-77.655389,NAD83,PM2.5 - Local Conditions,24-HR BLK AVG,PM25 24-hour 2012,05/06/2022,Micrograms/cubic meter (LC),None,1,100,10.3,10.3,0,43,, - ,Northampton County,152 Hurricane Drive,North Carolina,Northampton,Gaston,"Roanoke Rapids, NC",09/26/2022
37,131,3,88101,3,36.511708,-77.655389,NAD83,PM2.5 - Local Conditions,24-HR BLK AVG,PM25 24-hour 2012,05/07/2022,Micrograms/cubic meter (LC),None,1,100,1.7,1.7,0,7,, - ,Northampton County,152 Hurricane Drive,North Carolina,Northampton,Gaston,"Roanoke Rapids, NC",09/26/2022
37,131,3,88101,3,36.511708,-77.655389,NAD83,PM2.5 - Local Conditions,24-HR BLK AVG,PM25 24-hour 2012,05/08/2022,Micrograms/cubic meter (LC),None,1,100,2.5,2.5,0,10,, - ,Northampton County,152 Hurricane Drive,North Carolina,Northampton,Gaston,"Roanoke Rapids, NC",09/26/2022
37,131,3,88101,3,36.511708,-77.655389,NAD83,PM2.5 - Local Conditions,24-HR BLK AVG,PM25 24-hour 2012,05/09/2022,Micrograms/cubic meter (LC),None,1,100,3.9,3.9,0,16,, - ,Northampton County,152 Hurricane Drive,North Carolina,Northampton,Gaston,"Roanoke Rapids, NC",09/26/2022
37,131,3,88101,3,36.511708,-77.655389,NAD83,PM2.5 - Local Conditions,24-HR BLK AVG,PM25 24-hour 2012,05/10/2022,Micrograms/cubic meter (LC),None,1,100,4.5,4.5,0,19,, - ,Northampton County,152 Hurricane Drive,North Carolina,Northampton,Gaston,"Roanoke Rapids, NC",09/26/2022
37,131,3,88101,3,36.511708,-77.655389,NAD83,PM2.5 - Local Conditions,24-HR BLK AVG,PM25 24-hour 2012,05/11/2022,Micrograms/cubic meter (LC),None,1,100,4.7,4.7,0,20,, - ,Northampton County,152 Hurricane Drive,North Carolina,Northampton,Gaston,"Roanoke Rapids, NC",09/26/2022
37,131,3,88101,3,36.511708,-77.655389,NAD83,PM2.5 - Local Conditions,24-HR BLK AVG,PM25 24-hour 2012,05/12/2022,Micrograms/cubic meter (LC),None,1,100,3.3,3.3,0,14,, - ,Northampton County,152 Hurricane Drive,North Carolina,Northampton,Gaston,"Roanoke Rapids, NC",09/26/2022
37,131,3,88101,3,36.511708,-77.655389,NAD83,PM2.5 - Local Conditions,24-HR BLK AVG,PM25 24-hour 2012,05/13/2022,Micrograms/cubic meter (LC),None,1,100,3.6,3.6,0,15,, - ,Northampton County,152 Hurricane Drive,North Carolina,Northampton,Gaston,"Roanoke Rapids, NC",09/26/2022
37,131,3,88101,3,36.511708,-77.655389,NAD83,PM2.5 - Local Conditions,24-HR BLK AVG,PM25 24-hour 2012,05/14/2022,Micrograms/cubic meter (LC),None,1,100,5,5,0,21,, - ,Northampton County,152 Hurricane Drive,North Carolina,Northampton,Gaston,"Roanoke Rapids, NC",09/26/2022
37,131,3,88101,3,36.511708,-77.655389,NAD83,PM2.5 - Local Conditions,24-HR BLK AVG,PM25 24-hour 2012,05/15/2022,Micrograms/cubic meter (LC),None,1,100,6.1,6.1,0,25,, - ,Northampton County,152 Hurricane Drive,North Carolina,Northampton,Gaston,"Roanoke Rapids, NC",09/26/2022
37,131,3,88101,3,36.511708,-77.655389,NAD83,PM2.5 - Local Conditions,24-HR BLK AVG,PM25 24-hour 2012,05/16/2022,Micrograms/cubic meter (LC),None,1,100,7.3,7.3,0,30,, - ,Northampton County,152 Hurricane Drive,North Carolina,Northampton,Gaston,"Roanoke Rapids, NC",09/26/2022
37,131,3,88101,3,36.511708,-77.655389,NAD83,PM2.5 - Local Conditions,24-HR BLK AVG,PM25 24-hour 2012,05/17/2022,Micrograms/cubic meter (LC),None,1,100,5,5,0,21,, - ,Northampton County,152 Hurricane Drive,North Carolina,Northampton,Gaston,"Roanoke Rapids, NC",09/26/2022
37,131,3,88101,3,36.511708,-77.655389,NAD83,PM2.5 - Local Conditions,24-HR BLK AVG,PM25 24-hour 2012,05/18/2022,Micrograms/cubic meter (LC),None,1,100,8.1,8.1,0,34,, - ,Northampton County,152 Hurricane Drive,North Carolina,Northampton,Gaston,"Roanoke Rapids, NC",09/26/2022
37,131,3,88101,3,36.511708,-77.655389,NAD83,PM2.5 - Local Conditions,24-HR BLK AVG,PM25 24-hour 2012,05/19/2022,Micrograms/cubic meter (LC),None,1,100,12.5,12.5,0,52,, - ,Northampton County,152 Hurricane Drive,North Carolina,Northampton,Gaston,"Roanoke Rapids, NC",09/26/2022
37,131,3,88101,3,36.511708,-77.655389,NAD83,PM2.5 - Local Conditions,24-HR BLK AVG,PM25 24-hour 2012,05/20/2022,Micrograms/cubic meter (LC),None,1,100,17,17,0,61,, - ,Northampton County,152 Hurricane Drive,North Carolina,Northampton,Gaston,"Roanoke Rapids, NC",09/26/2022
37,131,3,88101,3,36.511708,-77.655389,NAD83,PM2.5 - Local Conditions,24-HR BLK AVG,PM25 24-hour 2012,05/21/2022,Micrograms/cubic meter (LC),None,1,100,11,11,0,46,, - ,Northampton County,152 Hurricane Drive,North Carolina,Northampton,Gaston,"Roanoke Rapids, NC",09/26/2022
37,131,3,88101,3,36.511708,-77.655389,NAD83,PM2.5 - Local Conditions,24-HR BLK AVG,PM25 24-hour 2012,05/22/2022,Micrograms/cubic meter (LC),None,1,100,10.6,10.6,0,44,, - ,Northampton County,152 Hurricane Drive,North Carolina,Northampton,Gaston,"Roanoke Rapids, NC",09/26/2022
37,131,3,88101,3,36.511708,-77.655389,NAD83,PM2.5 - Local Conditions,24-HR BLK AVG,PM25 24-hour 2012,05/23/2022,Micrograms/cubic meter (LC),None,1,100,7.9,7.9,0,33,, - ,Northampton County,152 Hurricane Drive,North Carolina,Northampton,Gaston,"Roanoke Rapids, NC",09/26/2022
37,131,3,88101,3,36.511708,-77.655389,NAD83,PM2.5 - Local Conditions,24-HR BLK AVG,PM25 24-hour 2012,05/24/2022,Micrograms/cubic meter (LC),None,1,100,2.3,2.3,0,10,, - ,Northampton County,152 Hurricane Drive,North Carolina,Northampton,Gaston,"Roanoke Rapids, NC",09/26/2022
37,131,3,88101,3,36.511708,-77.655389,NAD83,PM2.5 - Local Conditions,24-HR BLK AVG,PM25 24-hour 2012,05/25/2022,Micrograms/cubic meter (LC),None,1,100,1.3,1.3,0,5,, - ,Northampton County,152 Hurricane Drive,North Carolina,Northampton,Gaston,"Roanoke Rapids, NC",09/26/2022
37,131,3,88101,3,36.511708,-77.655389,NAD83,PM2.5 - Local Conditions,24-HR BLK AVG,PM25 24-hour 2012,05/26/2022,Micrograms/cubic meter (LC),None,1,100,2.6,2.6,0,11,, - ,Northampton County,152 Hurricane Drive,North Carolina,Northampton,Gaston,"Roanoke Rapids, NC",09/26/2022
37,131,3,88101,3,36.511708,-77.655389,NAD83,PM2.5 - Local Conditions,24-HR BLK AVG,PM25 24-hour 2012,05/27/2022,Micrograms/cubic meter (LC),None,1,100,6.5,6.5,0,27,, - ,Northampton County,152 Hurricane Drive,North Carolina,Northampton,Gaston,"Roanoke Rapids, NC",09/26/2022
37,131,3,88101,3,36.511708,-77.655389,NAD83,PM2.5 - Local Conditions,24-HR BLK AVG,PM25 24-hour 2012,05/28/2022,Micrograms/cubic meter (LC),None,1,100,6.2,6.2,0,26,, - ,Northampton County,152 Hurricane Drive,North Carolina,Northampton,Gaston,"Roanoke Rapids, NC",09/26/2022
37,131,3,88101,3,36.511708,-77.655389,NAD83,PM2.5 - Local Conditions,24-HR BLK AVG,PM25 24-hour 2012,05/29/2022,Micrograms/cubic meter (LC),None,1,100,5.1,5.1,0,21,, - ,Northampton County,152 Hurricane Drive,North Carolina,Northampton,Gaston,"Roanoke Rapids, NC",09/26/2022
37,131,3,88101,3,36.511708,-77.655389,NAD83,PM2.5 - Local Conditions,24-HR BLK AVG,PM25 24-hour 2012,05/30/2022,Micrograms/cubic meter (LC),None,1,100,10.1,10.1,0,42,, - ,Northampton County,152 Hurricane Drive,North Carolina,Northampton,Gaston,"Roanoke Rapids, NC",09/26/2022
37,131,3,88101,3,36.511708,-77.655389,NAD83,PM2.5 - Local Conditions,24-HR BLK AVG,PM25 24-hour 2012,05/31/2022,Micrograms/cubic meter (LC),None,1,100,10.1,10.1,0,42,, - ,Northampton County,152 Hurricane Drive,North Carolina,Northampton,Gaston,"Roanoke Rapids, NC",09/26/2022
37,131,3,88101,3,36.511708,-77.655389,NAD83,PM2.5 - Local Conditions,24-HR BLK AVG,PM25 24-hour 2012,06/01/2022,Micrograms/cubic meter (LC),None,1,100,15.4,15.4,0,58,, - ,Northampton County,152 Hurricane Drive,North Carolina,Northampton,Gaston,"Roanoke Rapids, NC",09/26/2022
37,131,3,88101,3,36.511708,-77.655389,NAD83,PM2.5 - Local Conditions,24-HR BLK AVG,PM25 24-hour 2012,06/02/2022,Micrograms/cubic meter (LC),None,1,100,15.2,15.2,0,58,, - ,Northampton County,152 Hurricane Drive,North Carolina,Northampton,Gaston,"Roanoke Rapids, NC",09/26/2022
37,131,3,88101,3,36.511708,-77.655389,NAD83,PM2.5 - Local Conditions,24-HR BLK AVG,PM25 24-hour 2012,06/03/2022,Micrograms/cubic meter (LC),None,1,100,5.5,5.5,0,23,, - ,Northampton County,152 Hurricane Drive,North Carolina,Northampton,Gaston,"Roanoke Rapids, NC",09/26/2022
37,131,3,88101,3,36.511708,-77.655389,NAD83,PM2.5 - Local Conditions,24-HR BLK AVG,PM25 24-hour 2012,06/04/2022,Micrograms/cubic meter (LC),None,1,100,6.2,6.2,0,26,, - ,Northampton County,152 Hurricane Drive,North Carolina,Northampton,Gaston,"Roanoke Rapids, NC",09/26/2022
37,131,3,88101,3,36.511708,-77.655389,NAD83,PM2.5 - Local Conditions,24-HR BLK AVG,PM25 24-hour 2012,06/05/2022,Micrograms/cubic meter (LC),None,1,100,12.9,12.9,0,53,, - ,Northampton County,152 Hurricane Drive,North Carolina,Northampton,Gaston,"Roanoke Rapids, NC",09/26/2022
37,131,3,88101,3,36.511708,-77.655389,NAD83,PM2.5 - Local Conditions,24-HR BLK AVG,PM25 24-hour 2012,06/06/2022,Micrograms/cubic meter (LC),None,1,100,4.9,4.9,0,20,, - ,Northampton County,152 Hurricane Drive,North Carolina,Northampton,Gaston,"Roanoke Rapids, NC",09/26/2022
37,131,3,88101,3,36.511708,-77.655389,NAD83,PM2.5 - Local Conditions,24-HR BLK AVG,PM25 24-hour 2012,06/07/2022,Micrograms/cubic meter (LC),None,1,100,9.9,9.9,0,41,, - ,Northampton County,152 Hurricane Drive,North Carolina,Northampton,Gaston,"Roanoke Rapids, NC",09/26/2022
37,131,3,88101,3,36.511708,-77.655389,NAD83,PM2.5 - Local Conditions,24-HR BLK AVG,PM25 24-hour 2012,06/08/2022,Micrograms/cubic meter (LC),None,1,100,10.2,10.2,0,43,, - ,Northampton County,152 Hurricane Drive,North Carolina,Northampton,Gaston,"Roanoke Rapids, NC",09/26/2022
37,131,3,88101,3,36.511708,-77.655389,NAD83,PM2.5 - Local Conditions,24-HR BLK AVG,PM25 24-hour 2012,06/09/2022,Micrograms/cubic meter (LC),None,1,100,7.3,7.3,0,30,, - ,Northampton County,152 Hurricane Drive,North Carolina,Northampton,Gaston,"Roanoke Rapids, NC",09/26/2022
37,131,3,88101,3,36.511708,-77.655389,NAD83,PM2.5 - Local Conditions,24-HR BLK AVG,PM25 24-hour 2012,06/10/2022,Micrograms/cubic meter (LC),None,1,100,4.9,4.9,0,20,, - ,Northampton County,152 Hurricane Drive,North Carolina,Northampton,Gaston,"Roanoke Rapids, NC",09/26/2022
37,131,3,88101,3,36.511708,-77.655389,NAD83,PM2.5 - Local Conditions,24-HR BLK AVG,PM25 24-hour 2012,06/11/2022,Micrograms/cubic meter (LC),None,1,100,9.3,9.3,0,39,, - ,Northampton County,152 Hurricane Drive,North Carolina,Northampton,Gaston,"Roanoke Rapids, NC",09/26/2022
37,131,3,88101,3,36.511708,-77.655389,NAD83,PM2.5 - Local Conditions,24-HR BLK AVG,PM25 24-hour 2012,06/12/2022,Micrograms/cubic meter (LC),None,1,100,8.8,8.8,0,37,, - ,Northampton County,152 Hurricane Drive,North Carolina,Northampton,Gaston,"Roanoke Rapids, NC",09/26/2022
37,131,3,88101,3,36.511708,-77.655389,NAD83,PM2.5 - Local Conditions,24-HR BLK AVG,PM25 24-hour 2012,06/13/2022,Micrograms/cubic meter (LC),None,1,100,11.8,11.8,0,49,, - ,Northampton County,152 Hurricane Drive,North Carolina,Northampton,Gaston,"Roanoke Rapids, NC",09/26/2022
37,131,3,88101,3,36.511708,-77.655389,NAD83,PM2.5 - Local Conditions,24-HR BLK AVG,PM25 24-hour 2012,06/14/2022,Micrograms/cubic meter (LC),None,1,100,8.1,8.1,0,34,, - ,Northampton County,152 Hurricane Drive,North Carolina,Northampton,Gaston,"Roanoke Rapids, NC",09/26/2022
37,131,3,88101,3,36.511708,-77.655389,NAD83,PM2.5 - Local Conditions,24-HR BLK AVG,PM25 24-hour 2012,06/15/2022,Micrograms/cubic meter (LC),None,1,100,8.7,8.7,0,36,, - ,Northampton County,152 Hurricane Drive,North Carolina,Northampton,Gaston,"Roanoke Rapids, NC",09/26/2022
37,131,3,88101,3,36.511708,-77.655389,NAD83,PM2.5 - Local Conditions,24-HR BLK AVG,PM25 24-hour 2012,06/16/2022,Micrograms/cubic meter (LC),None,1,100,9.2,9.2,0,38,, - ,Northampton County,152 Hurricane Drive,North Carolina,Northampton,Gaston,"Roanoke Rapids, NC",09/26/2022
37,131,3,88101,3,36.511708,-77.655389,NAD83,PM2.5 - Local Conditions,24-HR BLK AVG,PM25 24-hour 2012,06/17/2022,Micrograms/cubic meter (LC),None,1,100,11.1,11.1,0,46,, - ,Northampton County,152 Hurricane Drive,North Carolina,Northampton,Gaston,"Roanoke Rapids, NC",09/26/2022
37,131,3,88101,3,36.511708,-77.655389,NAD83,PM2.5 - Local Conditions,24-HR BLK AVG,PM25 24-hour 2012,06/18/2022,Micrograms/cubic meter (LC),None,1,100,6,6,0,25,, - ,Northampton County,152 Hurricane Drive,North Carolina,Northampton,Gaston,"Roanoke Rapids, NC",09/26/2022
37,131,3,88101,3,36.511708,-77.655389,NAD83,PM2.5 - Local Conditions,24-HR BLK AVG,PM25 24-hour 2012,06/19/2022,Micrograms/cubic meter (LC),None,1,100,4.2,4.2,0,18,, - ,Northampton County,152 Hurricane Drive,North Carolina,Northampton,Gaston,"Roanoke Rapids, NC",09/26/2022
37,131,3,88101,3,36.511708,-77.655389,NAD83,PM2.5 - Local Conditions,24-HR BLK AVG,PM25 24-hour 2012,06/20/2022,Micrograms/cubic meter (LC),None,1,100,4.6,4.6,0,19,, - ,Northampton County,152 Hurricane Drive,North Carolina,Northampton,Gaston,"Roanoke Rapids, NC",09/26/2022
37,131,3,88101,3,36.511708,-77.655389,NAD83,PM2.5 - Local Conditions,24-HR BLK AVG,PM25 24-hour 2012,06/21/2022,Micrograms/cubic meter (LC),None,1,100,8.1,8.1,0,34,, - ,Northampton County,152 Hurricane Drive,North Carolina,Northampton,Gaston,"Roanoke Rapids, NC",09/26/2022
37,131,3,88101,3,36.511708,-77.655389,NAD83,PM2.5 - Local Conditions,24-HR BLK AVG,PM25 24-hour 2012,06/22/2022,Micrograms/cubic meter (LC),None,1,100,11.9,11.9,0,50,, - ,Northampton County,152 Hurricane Drive,North Carolina,Northampton,Gaston,"Roanoke Rapids, NC",09/26/2022
37,131,3,88101,3,36.511708,-77.655389,NAD83,PM2.5 - Local Conditions,24-HR BLK AVG,PM25 24-hour 2012,06/23/2022,Micrograms/cubic meter (LC),None,1,100,5.8,5.8,0,24,, - ,Northampton County,152 Hurricane Drive,North Carolina,Northampton,Gaston,"Roanoke Rapids, NC",09/26/2022
37,131,3,88101,3,36.511708,-77.655389,NAD83,PM2.5 - Local Conditions,24-HR BLK AVG,PM25 24-hour 2012,06/24/2022,Micrograms/cubic meter (LC),None,1,100,7.3,7.3,0,30,, - ,Northampton County,152 Hurricane Drive,North Carolina,Northampton,Gaston,"Roanoke Rapids, NC",09/26/2022
37,131,3,88101,3,36.511708,-77.655389,NAD83,PM2.5 - Local Conditions,24-HR BLK AVG,PM25 24-hour 2012,06/25/2022,Micrograms/cubic meter (LC),None,1,100,6.6,6.6,0,28,, - ,Northampton County,152 Hurricane Drive,North Carolina,Northampton,Gaston,"Roanoke Rapids, NC",09/26/2022
37,131,3,88101,3,36.511708,-77.655389,NAD83,PM2.5 - Local Conditions,24-HR BLK AVG,PM25 24-hour 2012,06/26/2022,Micrograms/cubic meter (LC),None,1,100,8,8,0,33,, - ,Northampton County,152 Hurricane Drive,North Carolina,Northampton,Gaston,"Roanoke Rapids, NC",09/26/2022
37,131,3,88101,3,36.511708,-77.655389,NAD83,PM2.5 - Local Conditions,24-HR BLK AVG,PM25 24-hour 2012,06/27/2022,Micrograms/cubic meter (LC),None,1,100,5.1,5.1,0,21,, - ,Northampton County,152 Hurricane Drive,North Carolina,Northampton,Gaston,"Roanoke Rapids, NC",09/26/2022
37,131,3,88101,3,36.511708,-77.655389,NAD83,PM2.5 - Local Conditions,24-HR BLK AVG,PM25 24-hour 2012,06/28/2022,Micrograms/cubic meter (LC),None,1,100,5.7,5.7,0,24,, - ,Northampton County,152 Hurricane Drive,North Carolina,Northampton,Gaston,"Roanoke Rapids, NC",09/26/2022
37,131,3,88101,3,36.511708,-77.655389,NAD83,PM2.5 - Local Conditions,24-HR BLK AVG,PM25 24-hour 2012,06/29/2022,Micrograms/cubic meter (LC),None,1,100,14.4,14.4,0,56,, - ,Northampton County,152 Hurricane Drive,North Carolina,Northampton,Gaston,"Roanoke Rapids, NC",09/26/2022
37,131,3,88101,3,36.511708,-77.655389,NAD83,PM2.5 - Local Conditions,24-HR BLK AVG,PM25 24-hour 2012,06/30/2022,Micrograms/cubic meter (LC),None,1,100,9.3,9.3,0,39,, - ,Northampton County,152 Hurricane Drive,North Carolina,Northampton,Gaston,"Roanoke Rapids, NC",09/26/2022
